13/07/2026 09:00,World Cup 2026 - Semi-Final preview
13/07/2026 10:00,The Open
13/07/2026 10:30,The Open - 12 Places
13/07/2026 11:30,Horse Racing
13/07/2026 12:00,Multi Bet & Get - Horse Racing
13/07/2026 15:00,France v Spain
13/07/2026 16:00,World Cup 2026 - Semi-Final schedule
13/07/2026 20:00,France v Spain
14/07/2026 09:00,World Cup 2026 - Semi-Final schedule
14/07/2026 10:00,The Open
14/07/2026 10:30,The Open - 12 Places
14/07/2026 11:00,Outright Boost - The Open
14/07/2026 11:30,France v Spain
14/07/2026 12:00,50% BBB - France v Spain
14/07/2026 12:30,Bet 10 Get 5 Squad Builder - France v Spain
14/07/2026 15:00,France v Spain
14/07/2026 17:00,EPO
14/07/2026 18:30,France v Spain
14/07/2026 19:00,Lineups
14/07/2026 19:30,50% BBB - France v Spain
14/07/2026 19:45,Bet 10 Get 5 Squad Builder - France v Spain
14/07/2026 21:00,Argentina v England
14/07/2026 21:30,Super Boost - Argentina v England
15/07/2026 09:00,World Cup 2026 - Semi-Final schedule
15/07/2026 10:00,The Open
15/07/2026 10:30,The Open - 12 Places
15/07/2026 11:00,Outright Boost - The Open
15/07/2026 11:30,Argentina v England
15/07/2026 12:00,Super Boost - Argentina v England
15/07/2026 12:30,Bet 5 Get 5 + 5 if Qualify - Argentina v England
15/07/2026 14:00,Argentina v England
15/07/2026 16:00,Argentina v England
15/07/2026 17:00,EPO
15/07/2026 18:30,Argentina v England
15/07/2026 19:00,Lineups
15/07/2026 19:30,Super Boost - Argentina v England
15/07/2026 19:45,Bet 5 Get 5 + 5 if Qualify - Argentina v England
16/07/2026 09:00,The Open tee times
16/07/2026 09:30,Price Boost - The Open
16/07/2026 11:00,Horse Racing
16/07/2026 11:30,Multi Bet & Get - Horse Racing
16/07/2026 12:00,World Cup 2026 - Final build-up
16/07/2026 13:00,World Cup 2026 outrights
16/07/2026 15:00,The Open
16/07/2026 16:00,World Matchplay
16/07/2026 16:30,Outright PPB - World Matchplay
